Frame,BodyID,Shape,PosX,PosY,Angle,VelX,VelY,AngVel
0,0,Box,0,-5,0,0,0,0
0,1,Circle,-5.91667,-0.002725,0,5,-0.1635,0
0,2,Circle,5.91667,-0.002725,0,-5,-0.1635,0
0,3,Circle,0,1.99727,0,0,-0.1635,0
1,0,Box,0,-5,0,0,0,0
1,1,Circle,-5.83333,-0.008175,0,5,-0.327,0
1,2,Circle,5.83333,-0.008175,0,-5,-0.327,0
1,3,Circle,0,1.99182,0,0,-0.327,0
2,0,Box,0,-5,0,0,0,0
2,1,Circle,-5.75,-0.01635,0,5,-0.4905,0
2,2,Circle,5.75,-0.01635,0,-5,-0.4905,0
2,3,Circle,0,1.98365,0,0,-0.4905,0
3,0,Box,0,-5,0,0,0,0
3,1,Circle,-5.66667,-0.02725,0,5,-0.654,0
3,2,Circle,5.66667,-0.02725,0,-5,-0.654,0
3,3,Circle,0,1.97275,0,0,-0.654,0
4,0,Box,0,-5,0,0,0,0
4,1,Circle,-5.58333,-0.040875,0,5,-0.8175,0
4,2,Circle,5.58333,-0.040875,0,-5,-0.8175,0
4,3,Circle,0,1.95912,0,0,-0.8175,0
5,0,Box,0,-5,0,0,0,0
5,1,Circle,-5.5,-0.057225,0,5,-0.981,0
5,2,Circle,5.5,-0.057225,0,-5,-0.981,0
5,3,Circle,0,1.94277,0,0,-0.981,0
6,0,Box,0,-5,0,0,0,0
6,1,Circle,-5.41667,-0.0763,0,5,-1.1445,0
6,2,Circle,5.41667,-0.0763,0,-5,-1.1445,0
6,3,Circle,0,1.9237,0,0,-1.1445,0
7,0,Box,0,-5,0,0,0,0
7,1,Circle,-5.33333,-0.0981,0,5,-1.308,0
7,2,Circle,5.33333,-0.0981,0,-5,-1.308,0
7,3,Circle,0,1.9019,0,0,-1.308,0
8,0,Box,0,-5,0,0,0,0
8,1,Circle,-5.25,-0.122625,0,5,-1.4715,0
8,2,Circle,5.25,-0.122625,0,-5,-1.4715,0
8,3,Circle,0,1.87737,0,0,-1.4715,0
9,0,Box,0,-5,0,0,0,0
9,1,Circle,-5.16667,-0.149875,0,5,-1.635,0
9,2,Circle,5.16667,-0.149875,0,-5,-1.635,0
9,3,Circle,0,1.85012,0,0,-1.635,0
10,0,Box,0,-5,0,0,0,0
10,1,Circle,-5.08333,-0.17985,0,5,-1.7985,0
10,2,Circle,5.08333,-0.17985,0,-5,-1.7985,0
10,3,Circle,0,1.82015,0,0,-1.7985,0
11,0,Box,0,-5,0,0,0,0
11,1,Circle,-5,-0.21255,0,5,-1.962,0
11,2,Circle,5,-0.21255,0,-5,-1.962,0
11,3,Circle,0,1.78745,0,0,-1.962,0
12,0,Box,0,-5,0,0,0,0
12,1,Circle,-4.91666,-0.247975,0,5,-2.1255,0
12,2,Circle,4.91666,-0.247975,0,-5,-2.1255,0
12,3,Circle,0,1.75202,0,0,-2.1255,0
13,0,Box,0,-5,0,0,0,0
13,1,Circle,-4.83333,-0.286125,0,5,-2.289,0
13,2,Circle,4.83333,-0.286125,0,-5,-2.289,0
13,3,Circle,0,1.71387,0,0,-2.289,0
14,0,Box,0,-5,0,0,0,0
14,1,Circle,-4.75,-0.327,0,5,-2.4525,0
14,2,Circle,4.75,-0.327,0,-5,-2.4525,0
14,3,Circle,0,1.673,0,0,-2.4525,0
15,0,Box,0,-5,0,0,0,0
15,1,Circle,-4.66666,-0.3706,0,5,-2.616,0
15,2,Circle,4.66666,-0.3706,0,-5,-2.616,0
15,3,Circle,0,1.6294,0,0,-2.616,0
16,0,Box,0,-5,0,0,0,0
16,1,Circle,-4.58333,-0.416925,0,5,-2.7795,0
16,2,Circle,4.58333,-0.416925,0,-5,-2.7795,0
16,3,Circle,0,1.58307,0,0,-2.7795,0
17,0,Box,0,-5,0,0,0,0
17,1,Circle,-4.5,-0.465975,0,5,-2.943,0
17,2,Circle,4.5,-0.465975,0,-5,-2.943,0
17,3,Circle,0,1.53402,0,0,-2.943,0
18,0,Box,0,-5,0,0,0,0
18,1,Circle,-4.41666,-0.51775,0,5,-3.1065,0
18,2,Circle,4.41666,-0.51775,0,-5,-3.1065,0
18,3,Circle,0,1.48225,0,0,-3.1065,0
19,0,Box,0,-5,0,0,0,0
19,1,Circle,-4.33333,-0.57225,0,5,-3.27,0
19,2,Circle,4.33333,-0.57225,0,-5,-3.27,0
19,3,Circle,0,1.42775,0,0,-3.27,0
20,0,Box,0,-5,0,0,0,0
20,1,Circle,-4.25,-0.629475,0,5,-3.4335,0
20,2,Circle,4.25,-0.629475,0,-5,-3.4335,0
20,3,Circle,0,1.37052,0,0,-3.4335,0
21,0,Box,0,-5,0,0,0,0
21,1,Circle,-4.16666,-0.689425,0,5,-3.597,0
21,2,Circle,4.16666,-0.689425,0,-5,-3.597,0
21,3,Circle,0,1.31057,0,0,-3.597,0
22,0,Box,0,-5,0,0,0,0
22,1,Circle,-4.08333,-0.7521,0,5,-3.7605,0
22,2,Circle,4.08333,-0.7521,0,-5,-3.7605,0
22,3,Circle,0,1.2479,0,0,-3.7605,0
23,0,Box,0,-5,0,0,0,0
23,1,Circle,-4,-0.8175,0,5,-3.924,0
23,2,Circle,4,-0.8175,0,-5,-3.924,0
23,3,Circle,0,1.1825,0,0,-3.924,0
24,0,Box,0,-5,0,0,0,0
24,1,Circle,-3.91666,-0.885625,0,5,-4.0875,0
24,2,Circle,3.91666,-0.885625,0,-5,-4.0875,0
24,3,Circle,0,1.11437,0,0,-4.0875,0
25,0,Box,0,-5,0,0,0,0
25,1,Circle,-3.83333,-0.956475,0,5,-4.251,0
25,2,Circle,3.83333,-0.956475,0,-5,-4.251,0
25,3,Circle,0,1.04352,0,0,-4.251,0
26,0,Box,0,-5,0,0,0,0
26,1,Circle,-3.75,-1.03005,0,5,-4.4145,0
26,2,Circle,3.75,-1.03005,0,-5,-4.4145,0
26,3,Circle,0,0.96995,0,0,-4.4145,0
27,0,Box,0,-5,0,0,0,0
27,1,Circle,-3.66666,-1.10635,0,5,-4.578,0
27,2,Circle,3.66666,-1.10635,0,-5,-4.578,0
27,3,Circle,0,0.89365,0,0,-4.578,0
28,0,Box,0,-5,0,0,0,0
28,1,Circle,-3.58333,-1.18538,0,5,-4.7415,0
28,2,Circle,3.58333,-1.18538,0,-5,-4.7415,0
28,3,Circle,0,0.814625,0,0,-4.7415,0
29,0,Box,0,-5,0,0,0,0
29,1,Circle,-3.5,-1.26713,0,5,-4.905,0
29,2,Circle,3.5,-1.26713,0,-5,-4.905,0
29,3,Circle,0,0.732875,0,0,-4.905,0
30,0,Box,0,-5,0,0,0,0
30,1,Circle,-3.41666,-1.3516,0,5,-5.0685,0
30,2,Circle,3.41666,-1.3516,0,-5,-5.0685,0
30,3,Circle,0,0.6484,0,0,-5.0685,0
31,0,Box,0,-5,0,0,0,0
31,1,Circle,-3.33333,-1.4388,0,5,-5.232,0
31,2,Circle,3.33333,-1.4388,0,-5,-5.232,0
31,3,Circle,0,0.5612,0,0,-5.232,0
32,0,Box,0,-5,0,0,0,0
32,1,Circle,-3.25,-1.52873,0,5,-5.3955,0
32,2,Circle,3.25,-1.52873,0,-5,-5.3955,0
32,3,Circle,0,0.471275,0,0,-5.3955,0
33,0,Box,0,-5,0,0,0,0
33,1,Circle,-3.16666,-1.62138,0,5,-5.559,0
33,2,Circle,3.16666,-1.62138,0,-5,-5.559,0
33,3,Circle,0,0.378625,0,0,-5.559,0
34,0,Box,0,-5,0,0,0,0
34,1,Circle,-3.08333,-1.71675,0,5,-5.7225,0
34,2,Circle,3.08333,-1.71675,0,-5,-5.7225,0
34,3,Circle,0,0.28325,0,0,-5.7225,0
35,0,Box,0,-5,0,0,0,0
35,1,Circle,-3,-1.81485,0,5,-5.886,0
35,2,Circle,3,-1.81485,0,-5,-5.886,0
35,3,Circle,0,0.18515,0,0,-5.886,0
36,0,Box,0,-5,0,0,0,0
36,1,Circle,-2.91666,-1.91568,0,5,-6.0495,0
36,2,Circle,2.91666,-1.91568,0,-5,-6.0495,0
36,3,Circle,0,0.0843248,0,0,-6.0495,0
37,0,Box,0,-5,0,0,0,0
37,1,Circle,-2.83333,-2.01923,0,5,-6.213,0
37,2,Circle,2.83333,-2.01923,0,-5,-6.213,0
37,3,Circle,0,-0.0192252,0,0,-6.213,0
38,0,Box,0,-5,0,0,0,0
38,1,Circle,-2.75,-2.1255,0,5,-6.3765,0
38,2,Circle,2.75,-2.1255,0,-5,-6.3765,0
38,3,Circle,0,-0.1255,0,0,-6.3765,0
39,0,Box,0,-5,0,0,0,0
39,1,Circle,-2.66666,-2.2345,0,5,-6.54,0
39,2,Circle,2.66666,-2.2345,0,-5,-6.54,0
39,3,Circle,0,-0.2345,0,0,-6.54,0
40,0,Box,0,-5,0,0,0,0
40,1,Circle,-2.58333,-2.34623,0,5,-6.7035,0
40,2,Circle,2.58333,-2.34623,0,-5,-6.7035,0
40,3,Circle,0,-0.346225,0,0,-6.7035,0
41,0,Box,0,-5,0,0,0,0
41,1,Circle,-2.5,-2.46068,0,5,-6.867,0
41,2,Circle,2.5,-2.46068,0,-5,-6.867,0
41,3,Circle,0,-0.460675,0,0,-6.867,0
42,0,Box,0,-5,0,0,0,0
42,1,Circle,-2.41666,-2.57785,0,5,-7.0305,0
42,2,Circle,2.41666,-2.57785,0,-5,-7.0305,0
42,3,Circle,0,-0.57785,0,0,-7.0305,0
43,0,Box,0,-5,0,0,0,0
43,1,Circle,-2.33333,-2.69775,0,5,-7.194,0
43,2,Circle,2.33333,-2.69775,0,-5,-7.194,0
43,3,Circle,0,-0.69775,0,0,-7.194,0
44,0,Box,0,-5,0,0,0,0
44,1,Circle,-2.25,-2.82038,0,5,-7.3575,0
44,2,Circle,2.25,-2.82038,0,-5,-7.3575,0
44,3,Circle,0,-0.820375,0,0,-7.3575,0
45,0,Box,0,-5,0,0,0,0
45,1,Circle,-2.16666,-2.94573,0,5,-7.521,0
45,2,Circle,2.16666,-2.94573,0,-5,-7.521,0
45,3,Circle,0,-0.945725,0,0,-7.521,0
46,0,Box,0,-5,0,0,0,0
46,1,Circle,-2.08333,-3.0738,0,5,-7.6845,0
46,2,Circle,2.08333,-3.0738,0,-5,-7.6845,0
46,3,Circle,0,-1.0738,0,0,-7.6845,0
47,0,Box,0,-5,0,0,0,0
47,1,Circle,-2,-3.2046,0,5,-7.848,0
47,2,Circle,2,-3.2046,0,-5,-7.848,0
47,3,Circle,0,-1.2046,0,0,-7.848,0
48,0,Box,0,-5,0,0,0,0
48,1,Circle,-1.91666,-3.33812,0,5,-8.0115,0
48,2,Circle,1.91666,-3.33812,0,-5,-8.0115,0
48,3,Circle,0,-1.33812,0,0,-8.0115,0
49,0,Box,0,-5,0,0,0,0
49,1,Circle,-1.83333,-3.47438,0,5,-8.175,0
49,2,Circle,1.83333,-3.47438,0,-5,-8.175,0
49,3,Circle,0,-1.47438,0,0,-8.175,0
50,0,Box,0,-5,0,0,0,0
50,1,Circle,-1.75,-3.61335,0,5,-8.3385,0
50,2,Circle,1.75,-3.61335,0,-5,-8.3385,0
50,3,Circle,0,-1.61335,0,0,-8.3385,0
51,0,Box,0,-5,0,0,0,0
51,1,Circle,-1.66666,-3.75505,0,5,-8.502,0
51,2,Circle,1.66666,-3.75505,0,-5,-8.502,0
51,3,Circle,0,-1.75505,0,0,-8.502,0
52,0,Box,0,-5,0,0,0,0
52,1,Circle,-1.58333,-3.89947,0,5,-8.6655,0
52,2,Circle,1.58333,-3.89947,0,-5,-8.6655,0
52,3,Circle,0,-1.89947,0,0,-8.6655,0
53,0,Box,0,-5,0,0,0,0
53,1,Circle,-1.5,-4.04662,0,5,-8.829,0
53,2,Circle,1.5,-4.04662,0,-5,-8.829,0
53,3,Circle,0,-2.04662,0,0,-8.829,0
54,0,Box,0,-5,0,0,0,0
54,1,Circle,-1.41666,-4.1965,0,5,-8.9925,0
54,2,Circle,1.41666,-4.1965,0,-5,-8.9925,0
54,3,Circle,0,-2.1965,0,0,-8.9925,0
55,0,Box,0,-5,0,0,0,0
55,1,Circle,-1.33333,-4.3491,0,5,-9.156,0
55,2,Circle,1.33333,-4.3491,0,-5,-9.156,0
55,3,Circle,0,-2.3491,0,0,-9.156,0
56,0,Box,0,-5,0,0,0,0
56,1,Circle,-1.25,-4.50442,0,5,7.4556,0
56,2,Circle,1.25,-4.50442,0,-5,7.4556,0
56,3,Circle,0,-2.50442,0,0,-9.3195,0
57,0,Box,0,-5,0,0,0,0
57,1,Circle,-1.16666,-4.38289,0,5,-5.83368,0
57,2,Circle,1.16666,-4.38289,0,-5,-5.83368,0
57,3,Circle,0,-2.66247,0,0,-9.483,0
58,0,Box,0,-5,0,0,0,0
58,1,Circle,-1.08333,-4.48284,0,2.15209,-10.36,0
58,2,Circle,1.08333,-4.48284,0,-3.18354,-8.77988,0
58,3,Circle,0,-2.82325,0,1.03145,-2.50097,0
59,0,Box,0,-5,0,0,0,0
59,1,Circle,-1.04746,-4.65823,0,2.15209,8.4188,0
59,2,Circle,1.03027,-4.6319,0,-3.18354,7.15471,0
59,3,Circle,0.0171908,-2.86766,0,1.03145,-2.66447,0
60,0,Box,0,-5,0,0,0,0
60,1,Circle,-1.01159,-4.52065,0,-6.22176,2.76349,0
60,2,Circle,0.977213,-4.51538,0,4.02529,2.92317,0
60,3,Circle,0.0343816,-2.91479,0,2.19648,6.73187,0
61,0,Box,0,-5,0,0,0,0
61,1,Circle,-1.11529,-4.47731,0,-6.22176,-2.07999,0
61,2,Circle,1.0443,-4.46939,0,4.02529,-2.20774,0
61,3,Circle,0.0709895,-2.80532,0,2.19648,6.56837,0
62,0,Box,0,-5,0,0,0,0
62,1,Circle,-1.21899,-4.5147,0,-6.22176,1.79479,0
62,2,Circle,1.11139,-4.50891,0,4.02529,1.89699,0
62,3,Circle,0.107597,-2.69857,0,2.19648,6.40487,0
63,0,Box,0,-5,0,0,0,0
63,1,Circle,-1.32268,-4.48752,0,-6.22176,-1.30503,0
63,2,Circle,1.17848,-4.48001,0,4.02529,-1.38679,0
63,3,Circle,0.144205,-2.59455,0,2.19648,6.24137,0
64,0,Box,0,-5,0,0,0,0
64,1,Circle,-1.42638,-4.51199,0,-6.22176,1.17483,0
64,2,Circle,1.24557,-4.50585,0,4.02529,1.24023,0
64,3,Circle,0.180813,-2.49325,0,2.19648,6.07787,0
65,0,Box,0,-5,0,0,0,0
65,1,Circle,-1.53008,-4.49514,0,-6.22176,1.01133,0
65,2,Circle,1.31265,-4.48791,0,4.02529,-0.861386,0
65,3,Circle,0.217421,-2.39468,0,2.19648,5.91437,0
66,0,Box,0,-5,0,0,0,0
66,1,Circle,-1.63377,-4.48101,0,-6.22176,-0.67826,0
66,2,Circle,1.37974,-4.50499,0,4.02529,0.819909,0
66,3,Circle,0.254029,-2.29883,0,2.19648,5.75087,0
67,0,Box,0,-5,0,0,0,0
67,1,Circle,-1.73747,-4.49504,0,-6.22176,0.673408,0
67,2,Circle,1.44683,-4.49405,0,4.02529,0.656409,0
67,3,Circle,0.290637,-2.20571,0,2.19648,5.58737,0
68,0,Box,0,-5,0,0,0,0
68,1,Circle,-1.84116,-4.48654,0,-6.22176,-0.407927,0
68,2,Circle,1.51392,-4.48583,0,4.02529,-0.394327,0
68,3,Circle,0.327245,-2.11531,0,2.19648,5.42387,0
69,0,Box,0,-5,0,0,0,0
69,1,Circle,-1.94486,-4.49606,0,-6.22176,0.457141,0
69,2,Circle,1.58101,-4.49513,0,4.02529,0.446261,0
69,3,Circle,0.363853,-2.02763,0,2.19648,5.26037,0
70,0,Box,0,-5,0,0,0,0
70,1,Circle,-2.04856,-4.49117,0,-6.22176,0.293641,0
70,2,Circle,1.64809,-4.49042,0,4.02529,0.282761,0
70,3,Circle,0.400461,-1.94269,0,2.19648,5.09687,0
71,0,Box,0,-5,0,0,0,0
71,1,Circle,-2.15225,-4.489,0,-6.22176,-0.104113,0
71,2,Circle,1.71518,-4.48843,0,4.02529,-0.0954092,0
71,3,Circle,0.437069,-1.86046,0,2.19648,4.93337,0
72,0,Box,0,-5,0,0,0,0
72,1,Circle,-2.25595,-4.49346,0,-6.22176,0.21409,0
72,2,Circle,1.78227,-4.49275,0,4.02529,0.207127,0
72,3,Circle,0.473677,-1.78097,0,2.19648,4.76987,0
73,0,Box,0,-5,0,0,0,0
73,1,Circle,-2.35964,-4.49261,0,-6.22176,0.0505904,0
73,2,Circle,1.84936,-4.49202,0,4.02529,0.0436273,0
73,3,Circle,0.510285,-1.70419,0,2.19648,4.60637,0
74,0,Box,0,-5,0,0,0,0
74,1,Circle,-2.46334,-4.4945,0,-6.22176,0.0903277,0
74,2,Circle,1.91645,-4.49402,0,4.02529,0.0958982,0
74,3,Circle,0.546892,-1.63014,0,2.19648,4.44287,0
75,0,Box,0,-5,0,0,0,0
75,1,Circle,-2.56704,-4.49572,0,-6.22176,0.0585378,0
75,2,Circle,1.98354,-4.49514,0,4.02529,0.0540815,0
75,3,Circle,0.5835,-1.55882,0,2.19648,4.27937,0
76,0,Box,0,-5,0,0,0,0
76,1,Circle,-2.67073,-4.49747,0,-6.22176,0.0839697,0
76,2,Circle,2.05062,-4.49697,0,4.02529,0.0875348,0
76,3,Circle,0.620108,-1.49022,0,2.19648,4.11587,0
77,0,Box,0,-5,0,0,0,0
77,1,Circle,-2.77443,-4.49879,0,-6.22176,0.0636242,0
77,2,Circle,2.11771,-4.49823,0,4.02529,0.0607722,0
77,3,Circle,0.656716,-1.42435,0,2.19648,3.95237,0
78,0,Box,0,-5,0,0,0,0
78,1,Circle,-2.87812,-4.50046,0,-6.22176,0.0799006,0
78,2,Circle,2.1848,-4.49994,0,4.02529,0.0821823,0
78,3,Circle,0.693324,-1.3612,0,2.19648,3.78887,0
79,0,Box,0,-5,0,0,0,0
79,1,Circle,-2.98182,-4.50185,0,-6.22176,0.0668795,0
79,2,Circle,2.25189,-4.5013,0,4.02529,0.0650542,0
79,3,Circle,0.729932,-1.30078,0,2.19648,3.62537,0
80,0,Box,0,-5,0,0,0,0
80,1,Circle,-3.08552,-4.50346,0,-6.22176,0.0772964,0
80,2,Circle,2.31898,-4.50294,0,4.02529,0.0787567,0
80,3,Circle,0.76654,-1.24308,0,2.19648,3.46187,0
81,0,Box,0,-5,0,0,0,0
81,1,Circle,-3.18921,-4.5049,0,-6.22176,0.0689629,0
81,2,Circle,2.38606,-4.50435,0,4.02529,0.0677947,0
81,3,Circle,0.803148,-1.18811,0,2.19648,3.29837,0
82,0,Box,0,-5,0,0,0,0
82,1,Circle,-3.29291,-4.50647,0,-6.22176,0.0756297,0
82,2,Circle,2.45315,-4.50595,0,4.02529,0.0765643,0
82,3,Circle,0.839756,-1.13586,0,2.19648,3.13487,0
83,0,Box,0,-5,0,0,0,0
83,1,Circle,-3.39661,-4.50794,0,-6.22176,0.0702963,0
83,2,Circle,2.52024,-4.5074,0,4.02529,0.0695486,0
83,3,Circle,0.876364,-1.08634,0,2.19648,2.97137,0
84,0,Box,0,-5,0,0,0,0
84,1,Circle,-3.5003,-4.50949,0,-6.22176,0.074563,0
84,2,Circle,2.58733,-4.50896,0,4.02529,0.0751611,0
84,3,Circle,0.912972,-1.03954,0,2.19648,2.80787,0
85,0,Box,0,-5,0,0,0,0
85,1,Circle,-3.604,-4.51097,0,-6.22176,0.0711496,0
85,2,Circle,2.65442,-4.51044,0,4.02529,0.0706711,0
85,3,Circle,0.94958,-0.995468,0,2.19648,2.64437,0
86,0,Box,0,-5,0,0,0,0
86,1,Circle,-3.70769,-4.51251,0,-6.22176,0.0738803,0
86,2,Circle,2.7215,-4.51198,0,4.02529,0.0742631,0
86,3,Circle,0.986188,-0.95412,0,2.19648,2.48087,0
87,0,Box,0,-5,0,0,0,0
87,1,Circle,-3.81139,-4.514,0,-6.22176,0.0716958,0
87,2,Circle,2.78859,-4.51347,0,4.02529,0.0713895,0
87,3,Circle,1.0228,-0.915497,0,2.19648,2.31737,0
88,0,Box,0,-5,0,0,0,0
88,1,Circle,-3.91509,-4.51553,0,-6.22176,0.0734434,0
88,2,Circle,2.85568,-4.51501,0,4.02529,0.0736884,0
88,3,Circle,1.0594,-0.879599,0,2.19648,2.15387,0
89,0,Box,0,-5,0,0,0,0
89,1,Circle,-4.01878,-4.51704,0,-6.22176,0.0720453,0
89,2,Circle,2.92277,-4.5165,0,4.02529,0.0718493,0
89,3,Circle,1.09601,-0.846426,0,2.19648,1.99037,0
90,0,Box,0,-5,0,0,0,0
90,1,Circle,-4.12248,-4.51856,0,-6.22176,0.0731638,0
90,2,Circle,2.98986,-4.51803,0,4.02529,0.0733206,0
90,3,Circle,1.13262,-0.815979,0,2.19648,1.82687,0
91,0,Box,0,-5,0,0,0,0
91,1,Circle,-4.22617,-4.52007,0,-6.22176,0.072269,0
91,2,Circle,3.05695,-4.51953,0,4.02529,0.0721435,0
91,3,Circle,1.16923,-0.788256,0,2.19648,1.66337,0
92,0,Box,0,-5,0,0,0,0
92,1,Circle,-4.32987,-4.52159,0,-6.22176,0.0729848,0
92,2,Circle,3.12403,-4.52105,0,4.02529,0.0730852,0
92,3,Circle,1.20583,-0.763258,0,2.19648,1.49987,0
93,0,Box,0,-5,0,0,0,0
93,1,Circle,-4.43357,-4.5231,0,-6.22176,0.0724121,0
93,2,Circle,3.19112,-4.52256,0,4.02529,0.0723319,0
93,3,Circle,1.24244,-0.740985,0,2.19648,1.33637,0
94,0,Box,0,-5,0,0,0,0
94,1,Circle,-4.53726,-4.52461,0,-6.22176,0.0728703,0
94,2,Circle,3.25821,-4.52408,0,4.02529,0.0729345,0
94,3,Circle,1.27905,-0.721437,0,2.19648,1.17287,0
95,0,Box,0,-5,0,0,0,0
95,1,Circle,-4.64096,-4.52612,0,-6.22176,0.0725038,0
95,2,Circle,3.3253,-4.52559,0,4.02529,0.0724524,0
95,3,Circle,1.31566,-0.704614,0,2.19648,1.00937,0
96,0,Box,0,-5,0,0,0,0
96,1,Circle,-4.74465,-4.52764,0,-6.22176,0.072797,0
96,2,Circle,3.39239,-4.52711,0,4.02529,0.0728381,0
96,3,Circle,1.35227,-0.690516,0,2.19648,0.845872,0
97,0,Box,0,-5,0,0,0,0
97,1,Circle,-4.84835,-4.52915,0,-6.22176,0.0725624,0
97,2,Circle,3.45947,-4.52862,0,4.02529,0.0725295,0
97,3,Circle,1.38887,-0.679143,0,2.19648,0.682372,0
98,0,Box,0,-5,0,0,0,0
98,1,Circle,-4.95204,-4.53067,0,-6.22176,0.0727501,0
98,2,Circle,3.52656,-4.53014,0,4.02529,0.0727764,0
98,3,Circle,1.42548,-0.670496,0,2.19648,0.518872,0
99,0,Box,0,-5,0,0,0,0
99,1,Circle,-5.05574,-4.53218,0,-6.22176,0.0725999,0
99,2,Circle,3.59365,-4.53165,0,4.02529,0.0725789,0
99,3,Circle,1.46209,-0.664573,0,2.19648,0.355372,0
100,0,Box,0,-5,0,0,0,0
100,1,Circle,-5.15944,-4.5337,0,-6.22176,0.0727201,0
100,2,Circle,3.66074,-4.53316,0,4.02529,0.0727369,0
100,3,Circle,1.4987,-0.661375,0,2.19648,0.191872,0
101,0,Box,0,-5,0,0,0,0
101,1,Circle,-5.26313,-4.53521,0,-6.22176,0.072624,0
101,2,Circle,3.72783,-4.53468,0,4.02529,0.0726105,0
101,3,Circle,1.53531,-0.660902,0,2.19648,0.0283724,0
102,0,Box,0,-5,0,0,0,0
102,1,Circle,-5.36683,-4.53672,0,-6.22176,0.0727008,0
102,2,Circle,3.79491,-4.53619,0,4.02529,0.0727116,0
102,3,Circle,1.57191,-0.663154,0,2.19648,-0.135128,0
103,0,Box,0,-5,0,0,0,0
103,1,Circle,-5.47052,-4.53824,0,-6.22176,0.0726394,0
103,2,Circle,3.862,-4.5377,0,4.02529,0.0726307,0
103,3,Circle,1.60852,-0.668131,0,2.19648,-0.298628,0
104,0,Box,0,-5,0,0,0,0
104,1,Circle,-5.57422,-4.53975,0,-6.22176,0.0726885,0
104,2,Circle,3.92909,-4.53922,0,4.02529,0.0726954,0
104,3,Circle,1.64513,-0.675833,0,2.19648,-0.462128,0
105,0,Box,0,-5,0,0,0,0
105,1,Circle,-5.67792,-4.54126,0,-6.22176,0.0726492,0
105,2,Circle,3.99618,-4.54073,0,4.02529,0.0726437,0
105,3,Circle,1.68174,-0.68626,0,2.19648,-0.625628,0
106,0,Box,0,-5,0,0,0,0
106,1,Circle,-5.78161,-4.54278,0,-6.22176,0.0726807,0
106,2,Circle,4.06327,-4.54225,0,4.02529,0.0726851,0
106,3,Circle,1.71834,-0.699413,0,2.19648,-0.789128,0
107,0,Box,0,-5,0,0,0,0
107,1,Circle,-5.88531,-4.54429,0,-6.22176,0.0726555,0
107,2,Circle,4.13036,-4.54376,0,4.02529,0.072652,0
107,3,Circle,1.75495,-0.71529,0,2.19648,-0.952628,0
108,0,Box,0,-5,0,0,0,0
108,1,Circle,-5.989,-4.54581,0,-6.22176,0.0726756,0
108,2,Circle,4.19744,-4.54527,0,4.02529,0.0726784,0
108,3,Circle,1.79156,-0.733892,0,2.19648,-1.11613,0
109,0,Box,0,-5,0,0,0,0
109,1,Circle,-6.0927,-4.54732,0,-6.22176,0.0726595,0
109,2,Circle,4.26453,-4.54679,0,4.02529,0.0726572,0
109,3,Circle,1.82817,-0.755219,0,2.19648,-1.27963,0
110,0,Box,0,-5,0,0,0,0
110,1,Circle,-6.19639,-4.54883,0,-6.22176,0.0726724,0
110,2,Circle,4.33162,-4.5483,0,4.02529,0.0726742,0
110,3,Circle,1.86478,-0.779271,0,2.19648,-1.44313,0
111,0,Box,0,-5,0,0,0,0
111,1,Circle,-6.30009,-4.55035,0,-6.22176,0.0726621,0
111,2,Circle,4.39871,-4.54981,0,4.02529,0.0726606,0
111,3,Circle,1.90138,-0.806048,0,2.19648,-1.60663,0
112,0,Box,0,-5,0,0,0,0
112,1,Circle,-6.40379,-4.55186,0,-6.22176,0.0726703,0
112,2,Circle,4.4658,-4.55133,0,4.02529,0.0726715,0
112,3,Circle,1.93799,-0.83555,0,2.19648,-1.77013,0
113,0,Box,0,-5,0,0,0,0
113,1,Circle,-6.50748,-4.55338,0,-6.22176,0.0726637,0
113,2,Circle,4.53288,-4.55284,0,4.02529,0.0726628,0
113,3,Circle,1.9746,-0.867778,0,2.19648,-1.93363,0
114,0,Box,0,-5,0,0,0,0
114,1,Circle,-6.61118,-4.55489,0,-6.22176,0.072669,0
114,2,Circle,4.59997,-4.55436,0,4.02529,0.0726698,0
114,3,Circle,2.01121,-0.90273,0,2.19648,-2.09713,0
115,0,Box,0,-5,0,0,0,0
115,1,Circle,-6.71487,-4.5564,0,-6.22176,0.0726648,0
115,2,Circle,4.66706,-4.55587,0,4.02529,0.0726642,0
115,3,Circle,2.04782,-0.940407,0,2.19648,-2.26063,0
116,0,Box,0,-5,0,0,0,0
116,1,Circle,-6.81857,-4.55792,0,-6.22176,0.0726682,0
116,2,Circle,4.73415,-4.55738,0,4.02529,0.0726686,0
116,3,Circle,2.08442,-0.980809,0,2.19648,-2.42413,0
117,0,Box,0,-5,0,0,0,0
117,1,Circle,-6.92227,-4.55943,0,-6.22176,0.0726655,0
117,2,Circle,4.80124,-4.5589,0,4.02529,0.0726651,0
117,3,Circle,2.12103,-1.02394,0,2.19648,-2.58763,0
118,0,Box,0,-5,0,0,0,0
118,1,Circle,-7.02596,-4.56095,0,-6.22176,0.0726676,0
118,2,Circle,4.86832,-4.56041,0,4.02529,0.0726679,0
118,3,Circle,2.15764,-1.06979,0,2.19648,-2.75113,0
119,0,Box,0,-5,0,0,0,0
119,1,Circle,-7.12966,-4.56246,0,-6.22176,0.0726659,0
119,2,Circle,4.93541,-4.56193,0,4.02529,0.0726656,0
119,3,Circle,2.19425,-1.11837,0,2.19648,-2.91463,0
120,0,Box,0,-5,0,0,0,0
120,1,Circle,-7.23335,-4.56397,0,-6.22176,0.0726673,0
120,2,Circle,5.0025,-4.56344,0,4.02529,0.0726675,0
120,3,Circle,2.23086,-1.16967,0,2.19648,-3.07813,0
121,0,Box,0,-5,0,0,0,0
121,1,Circle,-7.33705,-4.56549,0,-6.22176,0.0726662,0
121,2,Circle,5.06959,-4.56495,0,4.02529,0.072666,0
121,3,Circle,2.26746,-1.22369,0,2.19648,-3.24163,0
122,0,Box,0,-5,0,0,0,0
122,1,Circle,-7.44075,-4.567,0,-6.22176,0.0726671,0
122,2,Circle,5.13668,-4.56647,0,4.02529,0.0726672,0
122,3,Circle,2.30407,-1.28045,0,2.19648,-3.40513,0
123,0,Box,0,-5,0,0,0,0
123,1,Circle,-7.54444,-4.56851,0,-6.22176,0.0726663,0
123,2,Circle,5.20377,-4.56798,0,4.02529,0.0726663,0
123,3,Circle,2.34068,-1.33992,0,2.19648,-3.56863,0
124,0,Box,0,-5,0,0,0,0
124,1,Circle,-7.64814,-4.57003,0,-6.22176,0.0726669,0
124,2,Circle,5.27085,-4.5695,0,4.02529,0.072667,0
124,3,Circle,2.37729,-1.40213,0,2.19648,-3.73213,0
125,0,Box,0,-5,0,0,0,0
125,1,Circle,-7.75183,-4.57154,0,-6.22176,0.0726665,0
125,2,Circle,5.33794,-4.57101,0,4.02529,0.0726664,0
125,3,Circle,2.4139,-1.46705,0,2.19648,-3.89563,0
126,0,Box,0,-5,0,0,0,0
126,1,Circle,-7.85553,-4.57306,0,-6.22176,0.0726668,0
126,2,Circle,5.40503,-4.57252,0,4.02529,0.0726669,0
126,3,Circle,2.4505,-1.53471,0,2.19648,-4.05913,0
127,0,Box,0,-5,0,0,0,0
127,1,Circle,-7.95922,-4.57457,0,-6.22176,0.0726665,0
127,2,Circle,5.47212,-4.57404,0,4.02529,0.0726665,0
127,3,Circle,2.48711,-1.60508,0,2.19648,-4.22263,0
128,0,Box,0,-5,0,0,0,0
128,1,Circle,-8.06292,-4.57608,0,-6.22176,0.0726668,0
128,2,Circle,5.53921,-4.57555,0,4.02529,0.0726668,0
128,3,Circle,2.52372,-1.67818,0,2.19648,-4.38613,0
129,0,Box,0,-5,0,0,0,0
129,1,Circle,-8.16662,-4.5776,0,-6.22176,0.0726666,0
129,2,Circle,5.60629,-4.57707,0,4.02529,0.0726665,0
129,3,Circle,2.56033,-1.75401,0,2.19648,-4.54963,0
130,0,Box,0,-5,0,0,0,0
130,1,Circle,-8.27031,-4.57911,0,-6.22176,0.0726667,0
130,2,Circle,5.67338,-4.57858,0,4.02529,0.0726668,0
130,3,Circle,2.59694,-1.83256,0,2.19648,-4.71313,0
131,0,Box,0,-5,0,0,0,0
131,1,Circle,-8.37401,-4.58063,0,-6.22176,0.0726666,0
131,2,Circle,5.74047,-4.58009,0,4.02529,0.0726666,0
131,3,Circle,2.63354,-1.91384,0,2.19648,-4.87663,0
132,0,Box,0,-5,0,0,0,0
132,1,Circle,-8.4777,-4.58214,0,-6.22176,0.0726667,0
132,2,Circle,5.80756,-4.58161,0,4.02529,0.0726667,0
132,3,Circle,2.67015,-1.99784,0,2.19648,-5.04013,0
133,0,Box,0,-5,0,0,0,0
133,1,Circle,-8.5814,-4.58365,0,-6.22176,0.0726666,0
133,2,Circle,5.87465,-4.58312,0,4.02529,0.0726666,0
133,3,Circle,2.70676,-2.08457,0,2.19648,-5.20363,0
134,0,Box,0,-5,0,0,0,0
134,1,Circle,-8.6851,-4.58517,0,-6.22176,0.0726667,0
134,2,Circle,5.94173,-4.58464,0,4.02529,0.0726667,0
134,3,Circle,2.74337,-2.17402,0,2.19648,-5.36713,0
135,0,Box,0,-5,0,0,0,0
135,1,Circle,-8.78879,-4.58668,0,-6.22176,0.0726667,0
135,2,Circle,6.00882,-4.58615,0,4.02529,0.0726666,0
135,3,Circle,2.77998,-2.2662,0,2.19648,-5.53063,0
136,0,Box,0,-5,0,0,0,0
136,1,Circle,-8.89249,-4.5882,0,-6.22176,0.0726667,0
136,2,Circle,6.07591,-4.58766,0,4.02529,0.0726667,0
136,3,Circle,2.81658,-2.3611,0,2.19648,-5.69413,0
137,0,Box,0,-5,0,0,0,0
137,1,Circle,-8.99618,-4.58971,0,-6.22176,0.0726667,0
137,2,Circle,6.143,-4.58918,0,4.02529,0.0726667,0
137,3,Circle,2.85319,-2.45873,0,2.19648,-5.85763,0
138,0,Box,0,-5,0,0,0,0
138,1,Circle,-9.09988,-4.59122,0,-6.22176,0.0726667,0
138,2,Circle,6.21009,-4.59069,0,4.02529,0.0726667,0
138,3,Circle,2.8898,-2.55908,0,2.19648,-6.02113,0
139,0,Box,0,-5,0,0,0,0
139,1,Circle,-9.20358,-4.59274,0,-6.22176,0.0726667,0
139,2,Circle,6.27718,-4.59221,0,4.02529,0.0726667,0
139,3,Circle,2.92641,-2.66216,0,2.19648,-6.18463,0
140,0,Box,0,-5,0,0,0,0
140,1,Circle,-9.30727,-4.59425,0,-6.22176,0.0726667,0
140,2,Circle,6.34426,-4.59372,0,4.02529,0.0726667,0
140,3,Circle,2.96302,-2.76796,0,2.19648,-6.34813,0
141,0,Box,0,-5,0,0,0,0
141,1,Circle,-9.41097,-4.59577,0,-6.22176,0.0726667,0
141,2,Circle,6.41135,-4.59523,0,4.02529,0.0726667,0
141,3,Circle,2.99962,-2.87649,0,2.19648,-6.51163,0
142,0,Box,0,-5,0,0,0,0
142,1,Circle,-9.51466,-4.59728,0,-6.22176,0.0726667,0
142,2,Circle,6.47844,-4.59675,0,4.02529,0.0726667,0
142,3,Circle,3.03623,-2.98774,0,2.19648,-6.67513,0
143,0,Box,0,-5,0,0,0,0
143,1,Circle,-9.61836,-4.59879,0,-6.22176,0.0726667,0
143,2,Circle,6.54553,-4.59826,0,4.02529,0.0726667,0
143,3,Circle,3.07284,-3.10172,0,2.19648,-6.83863,0
144,0,Box,0,-5,0,0,0,0
144,1,Circle,-9.72205,-4.60031,0,-6.22176,0.0726667,0
144,2,Circle,6.61262,-4.59977,0,4.02529,0.0726667,0
144,3,Circle,3.10945,-3.21842,0,2.19648,-7.00213,0
145,0,Box,0,-5,0,0,0,0
145,1,Circle,-9.82575,-4.60182,0,-6.22176,0.0726667,0
145,2,Circle,6.6797,-4.60129,0,4.02529,0.0726667,0
145,3,Circle,3.14606,-3.33785,0,2.19648,-7.16563,0
146,0,Box,0,-5,0,0,0,0
146,1,Circle,-9.92945,-4.60334,0,-6.22176,-0.0908334,0
146,2,Circle,6.74679,-4.6028,0,4.02529,0.0726667,0
146,3,Circle,3.18266,-3.46,0,2.19648,-7.32913,0
147,0,Box,0,-5,0,0,0,0
147,1,Circle,-10.0331,-4.60757,0,4.97741,-0.254333,0
147,2,Circle,6.81388,-4.60432,0,4.02529,0.0726667,0
147,3,Circle,3.21927,-3.58487,0,2.19648,-7.49263,0
148,0,Box,0,-5,0,0,0,0
148,1,Circle,-9.95018,-4.61454,0,-3.98193,-0.417833,0
148,2,Circle,6.88097,-4.60583,0,4.02529,0.0726667,0
148,3,Circle,3.25588,-3.71248,0,2.19648,-7.65613,0
149,0,Box,0,-5,0,0,0,0
149,1,Circle,-10.0166,-4.62423,0,3.18554,-0.581333,0
149,2,Circle,6.94806,-4.60734,0,4.02529,0.0726667,0
149,3,Circle,3.29249,-3.8428,0,2.19648,-7.81962,0
150,0,Box,0,-5,0,0,0,0
150,1,Circle,-9.96346,-4.63664,0,-2.54843,-0.744833,0
150,2,Circle,7.01514,-4.60886,0,4.02529,0.0726667,0
150,3,Circle,3.3291,-3.97586,0,2.19648,-7.98312,0
151,0,Box,0,-5,0,0,0,0
151,1,Circle,-10.0059,-4.65178,0,-2.54843,-0.908333,0
151,2,Circle,7.08223,-4.61037,0,4.02529,0.0726667,0
151,3,Circle,3.3657,-4.11163,0,2.19648,-8.14662,0
152,0,Box,0,-5,0,0,0,0
152,1,Circle,-10.0484,-4.66964,0,2.03875,-1.07183,0
152,2,Circle,7.14932,-4.61189,0,4.02529,0.0726667,0
152,3,Circle,3.40231,-4.25013,0,2.19648,-8.31012,0
153,0,Box,0,-5,0,0,0,0
153,1,Circle,-10.0144,-4.69023,0,2.03875,-1.23533,0
153,2,Circle,7.21641,-4.6134,0,4.02529,0.0726667,0
153,3,Circle,3.43892,-4.39136,0,2.19648,-8.47362,0
154,0,Box,0,-5,0,0,0,0
154,1,Circle,-9.98045,-4.71355,0,-1.631,-1.39883,0
154,2,Circle,7.2835,-4.61491,0,4.02529,0.0726667,0
154,3,Circle,3.47553,-4.53531,0,2.19648,6.9097,0
155,0,Box,0,-5,0,0,0,0
155,1,Circle,-10.0076,-4.73959,0,-1.631,-1.56233,0
155,2,Circle,7.35059,-4.61643,0,4.02529,0.0726667,0
155,3,Circle,3.51214,-4.42288,0,2.19648,-5.39696,0
156,0,Box,0,-5,0,0,0,0
156,1,Circle,-10.0348,-4.76835,0,1.3048,-1.72583,0
156,2,Circle,7.41767,-4.61794,0,4.02529,0.0726667,0
156,3,Circle,3.54874,-4.51555,0,2.19648,4.44837,0
157,0,Box,0,-5,0,0,0,0
157,1,Circle,-10.0131,-4.79984,0,1.3048,-1.88933,0
157,2,Circle,7.48476,-4.61946,0,4.02529,0.0726667,0
157,3,Circle,3.58535,-4.44414,0,2.19648,-3.42789,0
158,0,Box,0,-5,0,0,0,0
158,1,Circle,-9.99132,-4.83405,0,-1.04384,-2.05283,0
158,2,Circle,7.55185,-4.62097,0,4.02529,0.0726667,0
158,3,Circle,3.62196,-4.50399,0,2.19648,2.87311,0
159,0,Box,0,-5,0,0,0,0
159,1,Circle,-10.0087,-4.87099,0,-1.04384,-2.21633,0
159,2,Circle,7.61894,-4.62248,0,4.02529,0.0726667,0
159,3,Circle,3.65857,-4.45883,0,2.19648,-2.16769,0
160,0,Box,0,-5,0,0,0,0
160,1,Circle,-10.0261,-4.91066,0,0.83507,-2.37983,0
160,2,Circle,7.68603,-4.624,0,4.02529,0.0726667,0
160,3,Circle,3.69517,-4.49769,0,2.19648,1.86495,0
161,0,Box,0,-5,0,0,0,0
161,1,Circle,-10.0122,-4.95304,0,0.83507,-2.54333,0
161,2,Circle,7.75311,-4.62551,0,4.02529,0.0726667,0
161,3,Circle,3.73178,-4.46933,0,2.19648,-1.36116,0
162,0,Box,0,-5,0,0,0,0
162,1,Circle,-9.99828,-4.99816,0,-0.668056,-2.70683,0
162,2,Circle,7.8202,-4.62703,0,4.02529,0.0726667,0
162,3,Circle,3.76839,-4.49474,0,2.19648,1.21973,0
163,0,Box,0,-5,0,0,0,0
163,1,Circle,-10.0094,-5.046,0,-0.668056,-2.87033,0
163,2,Circle,7.88729,-4.62854,0,4.02529,0.0726667,0
163,3,Circle,3.805,-4.47714,0,2.19648,-0.844984,0
164,0,Box,0,-5,0,0,0,0
164,1,Circle,-10.0205,-5.09656,0,0.534445,-3.03383,0
164,2,Circle,7.95438,-4.63005,0,4.02529,0.0726667,0
164,3,Circle,3.84161,-4.49394,0,2.19648,0.806787,0
165,0,Box,0,-5,0,0,0,0
165,1,Circle,-10.0116,-5.14985,0,0.534445,-3.19733,0
165,2,Circle,8.02147,-4.63157,0,4.02529,0.0726667,0
165,3,Circle,3.87821,-4.48322,0,2.19648,-0.51463,0
166,0,Box,0,-5,0,0,0,0
166,1,Circle,-10.0027,-5.20586,0,-0.427556,-3.36083,0
166,2,Circle,8.08856,-4.63308,0,4.02529,0.0726667,0
166,3,Circle,3.91482,-4.49452,0,2.19648,0.542504,0
167,0,Box,0,-5,0,0,0,0
167,1,Circle,-10.0099,-5.2646,0,-0.427556,-3.52433,0
167,2,Circle,8.15564,-4.6346,0,4.02529,0.0726667,0
167,3,Circle,3.95143,-4.48821,0,2.19648,-0.303203,0
168,0,Box,0,-5,0,0,0,0
168,1,Circle,-10.017,-5.32607,0,0.342045,-3.68783,0
168,2,Circle,8.22273,-4.63611,0,4.02529,0.0726667,0
168,3,Circle,3.98804,-4.49599,0,2.19648,0.373362,0
169,0,Box,0,-5,0,0,0,0
169,1,Circle,-10.0113,-5.39026,0,0.342045,-3.85133,0
169,2,Circle,8.28982,-4.63762,0,4.02529,0.0726667,0
169,3,Circle,4.02465,-4.49249,0,2.19648,0.209862,0
170,0,Box,0,-5,0,0,0,0
170,1,Circle,-10.0056,-5.45717,0,-0.273636,-4.01483,0
170,2,Circle,8.35691,-4.63914,0,4.02529,0.0726667,0
170,3,Circle,4.06125,-4.49172,0,2.19648,0.0463623,0
171,0,Box,0,-5,0,0,0,0
171,1,Circle,-10.0101,-5.52681,0,2.27717,2.56397,0
171,2,Circle,8.424,-4.64065,0,4.02529,0.0726667,0
171,3,Circle,4.09786,-4.49367,0,2.19648,0.0937102,0
172,0,Box,0,-5,0,0,0,0
172,1,Circle,-9.97219,-5.4868,0,2.27717,-1.92038,0
172,2,Circle,8.49108,-4.64217,0,4.02529,0.0726667,0
172,3,Circle,4.13447,-4.49483,0,2.19648,0.0558319,0
173,0,Box,0,-5,0,0,0,0
173,1,Circle,-9.93424,-5.52153,0,2.27717,1.6671,0
173,2,Circle,8.55817,-4.64368,0,4.02529,0.0726667,0
173,3,Circle,4.17108,-4.49663,0,2.19648,0.0861345,0
174,0,Box,0,-5,0,0,0,0
174,1,Circle,-9.89629,-5.49647,0,2.27717,-1.20288,0
174,2,Circle,8.62526,-4.64519,0,4.02529,0.0726667,0
174,3,Circle,4.20769,-4.49791,0,2.19648,0.0618924,0
175,0,Box,0,-5,0,0,0,0
175,1,Circle,-9.85833,-5.51924,0,2.27717,1.0931,0
175,2,Circle,8.69235,-4.64671,0,4.02529,0.0726667,0
175,3,Circle,4.24429,-4.49961,0,2.19648,0.0812861,0
176,0,Box,0,-5,0,0,0,0
176,1,Circle,-9.82038,-5.50375,0,2.27717,-0.743684,0
176,2,Circle,8.75944,-4.64822,0,4.02529,0.0726667,0
176,3,Circle,4.2809,-4.50098,0,2.19648,0.0657711,0
177,0,Box,0,-5,0,0,0,0
177,1,Circle,-9.78243,-5.51887,0,2.27717,0.725747,0
177,2,Circle,8.82652,-4.64974,0,4.02529,0.0726667,0
177,3,Circle,4.31751,-4.50261,0,2.19648,0.0781831,0
178,0,Box,0,-5,0,0,0,0
178,1,Circle,-9.74448,-5.5095,0,2.27717,-0.449797,0
178,2,Circle,8.89361,-4.65125,0,4.02529,0.0726667,0
178,3,Circle,4.35412,-4.50403,0,2.19648,0.0682535,0
179,0,Box,0,-5,0,0,0,0
179,1,Circle,-9.70652,-5.51972,0,2.27717,0.490638,0
179,2,Circle,8.9607,-4.65276,0,4.02529,0.0726667,0
179,3,Circle,4.39072,-4.50562,0,2.19648,0.0761972,0
